1.315954652807649339e-03,1.162559348039633234e+00
1.533194156363881788e-03,-7.305743534415078955e-01
2.597118317779978369e-03,3.852879945418302921e+00
3.726770310949589771e-03,-4.625560821654167043e+00
4.008348050917098782e-03,3.827227020007353708e+00
4.730546773806132421e-03,5.858858094640126968e-01
5.155392028899363766e-03,7.368206122960939020e+00
5.971002844345485450e-03,-6.645848322767793359e-01
7.201292954628457643e-03,1.535806808507865284e+01
8.558492568236597542e-03,5.745763289363715609e-01
8.602568386963382885e-03,-2.846579053521058000e+00
9.744940983993033434e-03,-8.827821458363311891e-01
1.044572942073818123e-02,8.686035134556390203e-01
1.045702105717705166e-02,8.058897652597437400e+00
1.153845637615147357e-02,7.793560079569208376e+00
1.401930456149191873e-02,-3.776062589837204442e+00
1.537701190952045494e-02,6.332060334040958693e+00
1.712822127805047057e-02,-3.281771397644382415e-01
1.747147779556257330e-02,-1.872847886857037025e+01
1.882809892937631346e-02,1.065325599801982825e+01
1.951689585199878341e-02,-1.456341369007768272e+01
1.962813701542642786e-02,-1.727293236639547036e+00
1.971010183343469002e-02,6.453168035310072881e-01
2.034354777676339321e-02,4.688819878057873147e+00
2.126820933012041337e-02,1.088099333629475574e+01
2.150856368593734302e-02,5.579048699760449814e+00
2.173348413790576750e-02,1.017165598312677588e+01
2.208668451836226509e-02,2.370815312025455590e+00
2.230472830673857487e-02,3.784184046672692148e+00
2.263624108452033656e-02,1.056193324691318547e-01
2.323080817108102991e-02,6.445799988939687752e-02
2.389879319720300543e-02,6.606561461389673928e-01
2.636774533872521253e-02,-7.796106568355865463e+00
2.657589009641758704e-02,-3.113958877167447348e+00
2.684486003545605293e-02,-1.628937376084225175e+00
3.030592415860122735e-02,4.102979703023967417e+00
3.433581586153877652e-02,-1.751535764103442006e+01
3.439750982166966953e-02,-2.676821752581987290e+00
3.460124574446565848e-02,-1.043629442404077512e+00
3.463580069344729395e-02,2.395654735510828748e-01
3.601766017810581477e-02,-1.107470948328308147e+01
3.613442806793243367e-02,-5.449818096368566955e+00
3.629806017470327273e-02,-8.712925372530355705e-02
3.727809317790309329e-02,-7.646827273241706635e+00
3.774478039939110907e-02,1.156659615476663916e+01
3.836224948738486962e-02,-2.373634437979579737e+00
4.084543550663133349e-02,1.189490492098668639e+01
4.159809388857416135e-02,2.871807781191874298e+00
4.167049107318365753e-02,3.006739089119010444e-01
4.181426094678153405e-02,-1.543426472253364956e+01
4.195117521976599040e-02,-6.397935128660724224e+00
4.274630262313372508e-02,-1.020221912874096581e+00
4.307448958501525205e-02,-7.850309060017926832e+00
4.379128863591186249e-02,5.933392059004633623e+00
4.387644386669009577e-02,1.168329286340012807e+01
4.404939695212550799e-02,2.197274734530266116e+00
4.657888600420845293e-02,2.616904772878995811e+00
4.974725923642220327e-02,1.598159022512453120e+00
5.051330057783876004e-02,-9.759007297757632537e-01
5.084900145935800087e-02,-9.505368084271911266e-01
5.421133188040261341e-02,5.374972659357138305e+00
5.708679193030574694e-02,7.055794175851074490e-01
5.787526902180240018e-02,-1.901808339689922889e+01
5.839521810701386872e-02,1.512989529492643204e-01
6.056305378746784651e-02,2.327679155867174554e+00
6.070254256518536895e-02,2.314674720539378061e+00
6.186253070191827241e-02,-7.190530608247948097e-01
6.273685199276812785e-02,-7.781926507842207741e+00
6.369264667905349953e-02,-2.773998986597761451e+00
6.923458589857833800e-02,-1.632931575581451966e+01
7.163795015734464311e-02,2.885058902317590324e+00
7.256163395526804560e-02,4.718615795482772768e+00
7.311942996769815739e-02,2.372283802772595873e+00
7.359532933923362830e-02,-2.494150518711062414e-01
7.368070523255987325e-02,-3.550622316037944426e+00
7.388078080018056770e-02,1.503530718989071069e+01
7.434085376661292432e-02,9.755775847491654496e-02
7.765166453055261098e-02,-1.766088280548321521e+01
7.771900329870806701e-02,-1.853035027164290360e-01
7.809770820242389888e-02,-4.087588828155015452e-01
7.864784605497077141e-02,-3.062322381412601491e+00
7.868747299012690544e-02,2.628191989387832717e+00
7.891282666832455384e-02,-3.616240382782125895e+00
7.928781595666267723e-02,1.084446390696877094e+00
8.126789089770614094e-02,2.646048287915542918e+00
8.195845999546180760e-02,1.126794536302961891e+00
8.216677895575030810e-02,-2.813769626244121191e+00
8.241002423161680746e-02,1.238409048723120698e+01
8.363699378107258831e-02,-5.064649552135372268e+00
8.449101805696290768e-02,-2.984226863245439176e+00
8.481946855014554920e-02,2.929570671018610462e+00
8.769496219685690708e-02,-1.852775601134198924e-01
8.774449249290927622e-02,-1.236771351511594341e+00
8.810357393921852687e-02,-1.140027478146599105e+00
8.882794582517550275e-02,4.402272949392100898e+00
9.022609064886177865e-02,-8.958047795499968213e-02
9.228310736421230231e-02,-1.108180418191633088e+01
9.344408258339187423e-02,-8.572533383747442670e+00
9.555152791491638986e-02,1.429125152491156570e+01
9.617068112496829357e-02,-8.325205528542108269e+00
9.701387681458017997e-02,-3.316961169750337612e-01
9.763501607837488105e-02,-1.310418000394362181e+00
9.772137452416163050e-02,5.903919236095285239e-01
9.819149780575830988e-02,7.865264866893368900e-01
9.838029570717987671e-02,1.885425728182258176e+00
9.916656144951385699e-02,1.638943354079420711e-01
9.929886969220036441e-02,1.101717712518748371e+01
1.013622360582048243e-01,7.269904903523782380e+00
1.020338725190808038e-01,3.954247528780860055e+00
1.021863820991021354e-01,-5.396437296785808968e+00
1.031203196444698822e-01,-3.886110765507912124e+00
1.039461520162455743e-01,-3.429300001608948101e-01
1.050542916425987183e-01,1.359574351930700420e+00
1.050682037935940505e-01,1.049908686811481573e+01
1.070537957529142936e-01,-1.609906652337662836e+00
1.073345807356177462e-01,3.495304315126673167e+00
1.092708707432960002e-01,1.903116394923239252e+00
1.105754932913346478e-01,-4.934730883635350729e+00
1.111664663602049963e-01,1.505826613444881890e+00
1.115625658472084725e-01,3.754071991694907240e+00
1.119136059211210954e-01,-1.537631497016658244e-01
1.122447426548796034e-01,-6.081718431366413213e+00
1.123922358346602923e-01,-2.324124213450649012e-01
1.150259706495071477e-01,2.993828584271053916e+00
1.160491421425283720e-01,5.993984927466691204e+00
1.162189839352795184e-01,-8.387095015814805876e+00
1.192415080874614786e-01,2.996701452838413715e+00
1.201890396921639903e-01,-2.364922534309863877e+00
1.223339881775784566e-01,2.179461250232692660e+00
1.238534832108928452e-01,8.330918982763449776e+00
1.245953301780928779e-01,-2.030008062805150892e+00
1.264635272365510765e-01,-3.644329423607886476e+00
1.264739770852705281e-01,-8.898090184929632329e-01
1.280434790413199631e-01,1.361664710022497715e+01
1.292621926936756704e-01,3.415337315740359259e+00
1.294560664666001282e-01,-5.354081589985387524e+00
1.294915694730357503e-01,2.266316657785979238e+00
1.299425285100717087e-01,9.014772025303503966e+00
1.301018394691869640e-01,4.142730323222291844e+00
1.304322830970322533e-01,-1.170954621908878401e+01
1.308573178854610664e-01,1.814463772640116268e+00
1.309944460167152824e-01,1.270711857694123426e-01
1.326292813279370542e-01,1.294187886481076077e+00
1.330455011657657449e-01,-9.314427227736676862e-02
1.338089309240207969e-01,1.212099626830665500e+01
1.339154560061281973e-01,1.322384286273925014e+01
1.354333214457416057e-01,-9.045003062102393798e+00
1.375968380678098679e-01,1.298712071466939566e+00
1.434011054106413274e-01,-4.147031976038696222e+00
1.441956628907054005e-01,7.247777343115479054e-01
1.470632426166301743e-01,9.196647279218371551e+00
1.487981842865966353e-01,-3.513689348073659957e+00
1.489288389247535038e-01,-1.890760540688205538e-01
1.506510408920529454e-01,3.351923740347100278e+00
1.514584344042028130e-01,1.968330761058076916e+01
1.522416371592488771e-01,2.156391685368612254e+00
1.526575509899724681e-01,7.581377639740932040e+00
1.527396391771792539e-01,1.934978817324873868e+00
1.536498891038536874e-01,7.718195519849731845e+00
1.545691932302002414e-01,1.064510388065761504e+01
1.551847848334458879e-01,3.030281651280685384e+00
1.553201388544619421e-01,5.628812039053458172e+00
1.556503641999007481e-01,-2.997126691516295294e-01
1.558568296038711498e-01,-3.709072202706004795e+00
1.559557100375872363e-01,3.223083686341347676e+00
1.570025180380651975e-01,1.495287040052137417e+00
1.604276735545697719e-01,5.181906673848659217e+00
1.608342009291491292e-01,1.685540227729300256e+01
1.609453388653462325e-01,4.626059122831269299e+00
1.611593422390125152e-01,9.144518452723378488e+00
1.611784532615062604e-01,2.709006279661868355e+00
1.614052924371551789e-01,-4.092682546386986253e+00
1.630977562249112944e-01,-1.396737921520261239e+01
1.641657303304985271e-01,-1.244825232496673539e+00
1.649984444908296766e-01,-9.894558448399943806e-01
1.652526416465194270e-01,-8.716928152846710631e+00
1.654167075526000730e-01,-7.867541702664292425e-01
1.655338944335854601e-01,6.579609822684602705e+00
1.676243062037252596e-01,-8.944569610868954967e+00
1.679658785289027678e-01,1.375911005075642635e+01
1.713760231017239510e-01,1.290524476075505866e+01
1.716379609604604672e-01,1.063405886280884838e+00
1.724719256266665779e-01,8.151469972556055765e-01
1.727057044079332027e-01,-1.026142860459973782e+01
1.736537000889105675e-01,1.168725280025005642e+00
1.738299965667809976e-01,1.990478928749845444e+00
1.747462302702176284e-01,2.706627923155576543e+00
1.751320631309093434e-01,1.258130336704448915e+01
1.775207446052247118e-01,3.850329868940312483e+00
1.777007196680794321e-01,-8.076222736502428390e+00
1.782778537629603477e-01,-1.645653044080088634e+01
1.797638625595380235e-01,-9.987856971771940096e+00
1.803029650830795250e-01,3.082910364253237834e+00
1.814560298311401754e-01,3.859177114889551063e+00
1.835560839731460447e-01,-1.928559099203163152e+00
1.842228835507569995e-01,2.179880749117606875e+00
1.844416013639211815e-01,3.999356355800649965e+00
1.853798408631804895e-01,-1.345263275214790166e+00
1.858047841983723192e-01,8.083651857577908828e+00
1.892200192894305522e-01,-3.898862559033355879e+00
1.905835854163849818e-01,-1.400959613826911365e+00
1.919043749160141976e-01,2.231580999729017023e+00
1.923892205098594044e-01,2.117913440364921129e+00
1.924941737611894910e-01,1.660913987066944930e+00
1.936378872616772995e-01,-1.135617839011243690e-01
1.967786828103187391e-01,-3.744380356036256075e+00
1.988524001337796943e-01,2.013748524376059557e+00
1.989096044402393071e-01,7.831763722513482406e+00
1.997229245551581656e-01,-1.778174067940504477e+00
2.009295001223612154e-01,-1.354596750978102282e+00
2.039574092413115602e-01,-6.753008451251283795e+00
2.041562142145288972e-01,-1.934194910488975072e+00
2.043378624263012533e-01,1.149528637113922969e+01
2.048037645662693640e-01,2.560999087616237624e+00
2.072667119537682234e-01,1.514813249333772038e+00
2.082732092390986445e-01,-1.947930080302993305e+00
2.084628808253691234e-01,-2.352844852978895229e+00
2.088789372934412025e-01,6.672503262738280760e+00
2.089877935817103793e-01,-1.148061449639642406e-01
2.097580716356655106e-01,-2.502261948769294087e+00
2.110926330596416545e-01,1.607243128121156328e+00
2.126479196027029062e-01,3.825058013324476036e+00
2.128689314285315826e-01,8.447743710702710906e-01
2.130707878522372090e-01,1.683337396443902989e+01
2.134866612314298973e-01,6.836340473523527805e-02
2.139309402056185361e-01,-2.417145506440997682e+00
2.140059612509933595e-01,-2.051233008915067213e+00
2.158397276690486866e-01,1.883326951908862412e+01
2.161282958698805823e-01,2.840529717190124703e+00
2.184168898191297670e-01,-1.144481397001307243e+01
2.191676750636365467e-01,3.691965567362846201e+00
2.195336482825503976e-01,1.191473849555978681e+00
2.202976179124358502e-01,5.017490602165066704e+00
2.213103989470719402e-01,1.017316172236693461e+00
2.222809418556009886e-01,2.039892426386622493e+00
2.224476985425193343e-01,5.986612036609008092e-01
2.225509517716751651e-01,-3.686357682141897740e+00
2.257168736074283144e-01,1.086847780789718110e-01
2.261751676565876279e-01,4.800527525207570534e+00
2.272976546019026545e-01,-3.011215407179108627e+00
2.294303934311706650e-01,-3.801144173693848494e+00
2.297694824768272692e-01,-1.503051438975144549e+01
2.309586415329629716e-01,3.225898439364230263e+00
2.318441586611337257e-01,-3.890207044190247210e+00
2.321548596328165681e-01,5.394644676660232285e+00
2.329242154133601694e-01,1.615156570380610290e+01
2.337245103524280276e-01,-3.273299773851734429e+00
2.347973919568842049e-01,1.548357881260255642e+00
2.353141419433405490e-01,-1.115853220405641544e+01
2.354757487004460748e-01,-1.343295513361058724e+01
2.367400134062503936e-01,1.296826674689378578e+01
2.380147178098562799e-01,1.246614367170201376e+01
2.389138688768277508e-01,-2.787910463405466110e+00
2.397195789409933830e-01,1.538788633823545249e+00
2.422305690508411713e-01,-3.170714817757498416e+00
2.430793113559962526e-01,-3.055577786840085741e-01
2.446493866435686115e-01,-6.726601489312369342e-01
2.451998870321345780e-01,-1.023954111772463982e+00
2.470400231762776011e-01,8.330893406355206476e-01
2.471732079008770455e-01,1.124356700262525655e+00
2.473578602555871475e-01,-6.258452115012641537e-01
2.482364513267526496e-01,1.291542168754193476e+00
2.483335214822786075e-01,5.397347071256485940e+00
2.495264768179857873e-01,2.964620307800664989e-01
2.529722344190473704e-01,-5.835563072699533116e+00
2.537402754232970237e-01,-4.591862661675451540e-01
2.550080431145018700e-01,-9.747187722618637196e+00
2.572291187611553953e-01,7.230150568809672329e-01
2.604548028025581718e-01,2.801326159573906960e-01
2.629268117247618441e-01,3.064881371558310974e+00
2.645971078383270170e-01,1.548127989369016744e+00
2.650930448438373332e-01,8.924814481125478705e-02
2.657847413441682960e-01,-1.173249690268833856e+00
2.659948597224572886e-01,-1.814925964374362044e-01
2.662856114812162112e-01,7.356543010725352438e+00
2.676096185789913484e-01,4.081972645776583697e+00
2.695890609109276026e-01,-1.053380770497574659e+01
2.700383695984253096e-01,1.707391966531961902e+00
2.720179084427567506e-01,-6.182412577106074281e+00
2.739082069599377833e-01,-7.396587774281812244e+00
2.740584921520774486e-01,-1.072115049765971051e+00
2.752682405921809128e-01,-8.895926575545967552e+00
2.759009136958602282e-01,6.770134307821075170e-01
2.759894672616598488e-01,3.427324827855864342e+00
2.786219710198176713e-01,-2.476087244653339958e+00
2.817657692519744961e-01,-9.162991983300690091e-01
2.819792257328256335e-01,-6.673975851484095223e+00
2.865750461075411426e-01,-1.767912511300025580e+00
2.882985126142292298e-01,2.258955460894523259e+00
2.889467655185272710e-01,-9.755435256832489799e+00
2.895335745552385376e-01,5.630437822230313749e+00
2.905032293194795834e-01,-3.683314524203903151e+00
2.908494937394731084e-01,-1.338328056734293625e+01
2.911791450534414460e-01,2.683888966196973591e+00
2.916987953006456857e-01,6.422119980287968488e+00
2.939979746293259755e-01,1.035707228839767735e+00
2.946135531410816188e-01,7.765999888457300493e+00
2.956266026930683966e-01,2.990274241942297184e+00
2.958075926917664855e-01,3.520977219094171939e+00
2.966980872586720830e-01,2.051555784106020131e+00
2.970018301284845785e-01,7.327304692886396964e+00
2.977921946806001419e-01,5.839988384049292769e+00
2.998622014179702644e-01,5.640090276443642914e+00
3.002522759001181596e-01,-3.035691069709748113e+00
3.003096854257003567e-01,1.812332046284670595e+00
3.032044195052210345e-01,-2.578609808866922481e+00
3.055865948857514613e-01,-7.533047715312740422e+00
3.061928393595132469e-01,-1.476186683293504665e+00
3.064851118768940896e-01,-1.080610587229114650e+01
3.065169359032805518e-01,-1.384951027339560348e+01
3.075109131557982600e-01,3.193259686756705129e+00
3.078136836284335320e-01,-5.116725934202591475e+00
3.088469036609277074e-01,5.836259378581224233e+00
3.094864297057940972e-01,3.904155513197720584e+00
3.116423360761647610e-01,-1.199138534940745515e+01
3.118900079662283442e-01,-2.982838045678262606e+00
3.137207670563455508e-01,-1.795881640528526058e-01
3.138574728478454867e-01,1.003685974985100149e-01
3.151642048154247311e-01,6.402040529325915941e+00
3.155799796249402212e-01,3.568687885437609175e-01
3.157282882497089993e-01,-9.555047289851641423e-01
3.159188345199445136e-01,-4.987146027259528047e+00
3.165067416396132316e-01,-9.252915554898040185e+00
3.167079773962635514e-01,1.081177282849201671e+00
3.171601713535996403e-01,3.740505070682192290e+00
3.171923534728214866e-01,-6.549525435138248142e-01
3.188818009364958739e-01,-2.763771413339256799e+00
3.196450480687758056e-01,9.223415924008795841e+00
3.196668014628478716e-01,1.185200369031827172e+01
3.203623299588662654e-01,2.159319664688233331e+00
3.211218405754676652e-01,3.156405209880556839e+00
3.211394607448189165e-01,-1.994563946149864320e-01
3.212677337521938625e-01,-2.280875343199800120e+00
3.240671953552711759e-01,-3.808114923249069417e+00
3.245413684116539299e-01,-8.226414134280316759e+00
3.253880158307044246e-01,1.593303343176559528e+00
3.262976695666026661e-01,-5.426117531185052911e+00
3.268850007379997535e-01,9.509138397135751930e+00
3.285304517265901225e-01,-9.696771427953279954e+00
3.294760875068113437e-01,-2.437300983205699989e+00
3.295274983393263746e-01,-7.104339837090168253e+00
3.303888361433489074e-01,1.372484585924125811e-01
3.308025790116603249e-01,1.137783774726737285e+01
3.319139495964341657e-01,1.253487013250526694e+00
3.327606264248519352e-01,-7.751989325350046034e-01
3.332994338647072841e-01,1.657377787268263347e+00
3.335021639950987993e-01,-3.544776406749350350e-01
3.344355081888559234e-01,2.490999554343948041e+00
3.383622994042597698e-01,1.143091774664769744e+00
3.385528021644456098e-01,1.726361439606618120e+01
3.392531189527470126e-01,4.038607599170606299e+00
3.404807777083168618e-01,-3.842479693445122191e+00
3.422399565228396723e-01,-1.612540715539630298e+00
3.427489346103714807e-01,-1.882936516255307557e+00
3.431104093068011451e-01,-8.794913208062626886e-01
3.433067543452466008e-01,-2.022985267364327822e+00
3.438627621313826710e-01,2.340482877448218701e+00
3.452042972474994587e-01,-1.515972081826610562e+01
3.458602240831166741e-01,9.808431959546663137e+00
3.483858797211024649e-01,2.185668411040409431e+00
3.487597914119503484e-01,1.017296974221239303e+01
3.504088767757342904e-01,1.085236091584213547e+01
3.523337962110034693e-01,8.016294756746432881e+00
3.531027003726826541e-01,-6.220653649314948908e-01
3.546686026328940144e-01,2.929069250081608455e+00
3.569401692937154147e-01,1.220340903473569494e+00
3.571279655940592379e-01,-1.823542280726108356e+00
3.585162345105060711e-01,1.741843273742074150e-01
3.612838022881151856e-01,-2.629628116614646238e-02
3.633420082224569914e-01,-4.680079856479316902e+00
3.636956430870350587e-01,-4.205893043361983885e+00
3.648662706518578380e-01,-1.271080001248137847e+01
3.654309114817363424e-01,-6.635808053255062289e-01
3.672952682611609898e-01,-1.882231958108534897e+01
3.680283969028282920e-01,-1.201597450171539272e+01
3.689238951010982426e-01,2.516736622527184331e+00
3.701613099434670762e-01,1.464911522726992921e+01
3.702364162005354897e-01,1.485723085517909325e+00
3.712237137861482683e-01,-7.287333559439325148e-01
3.716968273840418613e-01,-4.894731028574926590e+00
3.717275371449110244e-01,-1.851744620673138186e+01
3.720478773551727514e-01,-2.430973963333929344e+00
3.730359673782278618e-01,2.387465108582061291e+00
3.743671202284107880e-01,-8.973091590376869320e-02
3.744728889398636351e-01,-6.041172371945100483e-01
3.748543464305795769e-01,-3.504240149604307408e-01
3.750393660055261202e-01,-3.045956119805305562e+00
3.756305096713259406e-01,7.705728101696799115e+00
3.756845981250958033e-01,-4.852582691553579686e+00
3.759923984066552149e-01,-4.693745518514725212e+00
3.765291092065845557e-01,1.143952725068105858e-01
3.769646275212974462e-01,-1.157187991956556861e+00
3.770520894416146129e-01,-1.521706008456370496e+00
3.781943611099835012e-01,7.885760708006406272e-01
3.820254454040482583e-01,-2.194149995662816099e+00
3.824175123319900615e-01,7.040528262578504837e+00
3.824226675511603890e-01,7.750578015629707718e-01
3.841371813081856379e-01,1.275393152935333951e+01
3.841797839407723458e-01,-2.035135757871880724e+00
3.844181820577193820e-01,-4.047835915486901470e+00
3.848680964425458262e-01,-1.877805854748851644e+01
3.858046782120354568e-01,4.994673445883149876e-01
3.868973924462760783e-01,2.177908684357201530e+00
3.870366183802860238e-01,-3.093934810136148794e+00
3.874166354394042999e-01,7.177680119148454274e+00
3.901456882942142546e-01,4.936112513461732298e+00
3.911383060611671736e-01,-2.461074847242672003e+00
3.925368273512509498e-01,-1.895629417575794839e-02
3.940740370385260594e-01,6.077345409200006765e-01
3.942198722941657740e-01,-4.165611297192835849e+00
3.959594261362882062e-01,-9.224033504945625239e+00
3.969294409475111474e-01,-2.363438882872661129e+00
3.972529705185114945e-01,-1.498311360805312731e+01
3.972593669786405046e-01,-2.359799806328744420e+00
3.984036606708150074e-01,-4.987123888916969450e-01
3.992067727822934398e-01,-1.415816106413789122e+01
4.017351217985160039e-01,-1.349137142176971516e+01
4.033563088559866117e-01,-3.780368317942116363e+00
4.037400162920680158e-01,-6.415402402935350246e+00
4.037660693272027146e-01,1.878926242604372909e-02
4.040629246501961092e-01,1.025026615380357597e+01
4.040637334532727332e-01,-1.974664983031422016e+00
4.059270223258879540e-01,8.627246372583632805e+00
4.068546745238613704e-01,-3.891628622356591904e+00
4.069966785959925337e-01,-1.245176900241805829e+00
4.081117882016332965e-01,3.142664069042531594e+00
4.088046574782403519e-01,-1.052482777991714258e+01
4.096240613470979453e-01,-9.259610916258590452e-01
4.102451345893033396e-01,-1.345029446278562357e+00
4.124492017222877172e-01,-7.382182979303849812e+00
4.133906703262020255e-01,1.541707386870050378e-01
4.137079199261595175e-01,7.947706005726758782e+00
4.144629867838025561e-01,1.297155916803800046e+00
4.154590848693034966e-01,7.863826606042711997e-02
4.159836512144089449e-01,-2.788807420153072592e+00
4.160610218043383490e-01,-9.011484822110713111e+00
4.172776476671768986e-01,2.557954683720187194e-01
4.208376269280312831e-01,-7.316394387998869098e-01
4.210331029276211945e-01,-3.983317885265717173e+00
4.232140919176644589e-01,-1.276730922187263140e+01
4.242013252213392427e-01,-8.357808713091793962e+00
4.250288490858747936e-01,-6.535195049418180524e+00
4.252525458449754048e-01,-4.686889759875203509e+00
4.254421807034366454e-01,6.783192014546056470e+00
4.272815749601170943e-01,-5.981610646640276308e+00
4.279068218651215227e-01,-4.169702559470871428e+00
4.280131287643558213e-01,-1.731040278906360541e+01
4.285933996726738471e-01,-6.129782781298781735e+00
4.291421642079689125e-01,1.563520418847875293e+00
4.291511530543004049e-01,-7.141751982116923969e-01
4.296165540262730786e-01,-8.457356361535307343e+00
4.307392950340247495e-01,-7.141931602035010762e+00
4.312169568009152076e-01,-6.565503517132098565e+00
4.318820804766603239e-01,6.227006901232505776e-01
4.334051962123282031e-01,-4.533691787123464323e+00
4.341570747023330012e-01,-5.405928097636771845e+00
4.343414042097237804e-01,6.075854228614455010e+00
4.359672922831786535e-01,-1.489865125100391019e+01
4.369364250510162639e-01,-5.734535185299451499e+00
4.387728673531078316e-01,8.507613096947819642e+00
4.401004149134205568e-01,-2.960107815713979296e+00
4.411947656587547062e-01,1.460408154912044676e+00
4.415113451393642974e-01,-1.185955393203578456e+00
4.415364263365085806e-01,-2.024033630866158617e+00
4.416811661988940818e-01,-1.704614490906676716e+00
4.424908159085014780e-01,-2.725236441555392908e+00
4.427650855550825382e-01,5.521183011696098930e+00
4.428818585406826269e-01,1.239744413907468257e+00
4.446432357239478161e-01,-3.573856104369022901e+00
4.452011472977343010e-01,5.012044135078101981e+00
4.463556777529243957e-01,1.233202698068110870e+01
4.473338853274773097e-01,-3.307999440077915576e+00
4.487317349744635031e-01,-2.254651712831437393e+00
4.491630395777098661e-01,3.777153022398471283e+00
4.496484457113962829e-01,-2.890130924008165181e+00
4.514366140266660166e-01,-1.219642978447835757e+00
4.516655474913509050e-01,1.169500292864107927e+01
4.525944204889316147e-01,9.627925479600467629e-01
4.530635583900504137e-01,9.090277941573750908e+00
4.605348902852622883e-01,-7.754512153590168211e+00
4.605637627255617650e-01,-1.722277673712094170e+00
4.612754174398348006e-01,-1.424486037770496205e+00
4.619267036508173385e-01,-1.703565825053540150e+00
4.648624324803242169e-01,2.495209771836242041e+00
4.678508306067875600e-01,2.237883859756979454e+00
4.680449524187028087e-01,-2.773634861638271332e+00
4.685918746626128728e-01,-2.049210692541535206e+00
4.687648942388940032e-01,4.574201412259544242e+00
4.695929807713690174e-01,1.551826449006595787e+01
4.710535841267197155e-01,3.654640309929696684e+00
4.734710913820041611e-01,-2.650988714460674522e+00
4.738702340624768583e-01,-5.410331488484678708e-01
4.747790311197720436e-01,-5.340827695950045584e-02
4.772513398552906683e-01,-2.158262662626325934e+00
4.783680198174198317e-01,-9.084171939621428216e-01
4.791318926747732965e-01,-2.841748233242874511e-01
4.793074630368712175e-01,-3.989076291143693886e+00
4.795101341026445363e-01,-1.291618790798891503e+01
4.797043345444818030e-01,-1.885430482428867549e+01
4.804111364457938071e-01,1.356308615082722158e+00
4.812185452721022827e-01,6.613016365551086295e+00
4.819414469730551875e-01,1.436315178282116456e+01
4.834383613321943107e-01,-1.437437769098735885e+01
4.836825066419493391e-01,-3.285107367667506217e+00
4.838303138220501065e-01,-9.871210092126396773e+00
4.842619314983970247e-01,-1.060362764018060489e+01
4.847386239637496708e-01,-1.412510894674824158e+01
4.861593454342659770e-01,-1.317929606358443806e+00
4.862083813852627889e-01,1.250764127108868307e+00
4.868965834621320488e-01,-2.303132387049525054e+00
4.898503211217103415e-01,7.850189849786648466e+00
4.918528412472715772e-01,2.395775850257826356e+00
4.925540054695728420e-01,8.160348263998859153e+00
4.930691850282196143e-01,3.271024346424825424e+00
4.934284757192425319e-01,-1.222027745403790888e-01
4.949644187489873337e-01,-3.021904324920821505e+00
4.953675458318425040e-01,3.734887865505942095e+00
4.955073422026694541e-01,4.366700282434710090e-02
4.958235245043144390e-01,-6.044484069065848786e+00
4.969094693822317943e-01,-3.480752955829038875e+00
4.974351794722083886e-01,6.831650828368640571e-01
4.980170735490480061e-01,-2.595510724399228586e+00
4.983164463132355726e-01,-1.668265488451049094e+01
4.992903629679885658e-01,1.492074554297175837e+01
5.002019985480385955e-01,1.384833901629481900e+01
5.006892030231736568e-01,-2.460269450105381672e+00
5.022672303371561453e-01,-1.797366781044339668e+00
5.078187133644670448e-01,5.145661750169146842e+00
5.096416088323810767e-01,2.933418145336953220e+00
5.104898993047718436e-01,1.294477814483389189e+01
5.126905658552085576e-01,3.098170110076221562e+00
5.127547486675038124e-01,1.662516757356119967e+01
5.135416207166281222e-01,-5.387095449133456171e+00
5.162526910389096946e-01,-5.700938309107882240e+00
5.167820310278871121e-01,8.771159507056403015e+00
5.171296371098815792e-01,8.499889604504471396e-01
5.184431890389009645e-01,9.254383425637751515e+00
5.187314427232164737e-01,1.072009693698499966e+00
5.227327912188055592e-01,-5.439797960564423995e+00
5.236069187437188965e-01,2.049536547122438712e+00
5.241578114576354031e-01,-7.519544112643267830e+00
5.243606326497644021e-01,6.722304280694192613e+00
5.247681013012872597e-01,-5.334102371206547177e-01
5.282064485433896062e-01,9.853951317715903269e-02
5.293766604707904611e-01,-1.052731486320849008e+00
5.301757141435503584e-01,-2.197599062779118206e+00
5.313388712750776177e-01,8.882125302926759502e+00
5.329635576081959147e-01,9.309996808574277694e+00
5.330243957893484597e-01,3.895139875098073468e+00
5.336710439327070343e-01,-6.981692837754788883e+00
5.354349564603428924e-01,-3.749619055440538973e-01
5.357639424506619452e-01,6.859094129539689000e+00
5.365513319179732177e-01,2.061775956408239630e+00
5.372893440078535532e-01,1.200311631371508092e+01
5.376929998788818610e-01,-8.501693581582090431e+00
5.395044274225515579e-01,-1.345510833940704565e+01
5.402793060230741684e-01,-1.517260081208001488e+00
5.411948504164717511e-01,-2.868801639055493347e+00
5.413902027901418279e-01,-2.108378853406066344e+00
5.423557838754468063e-01,-4.954126504718083246e-01
5.434895432328477050e-01,-9.025607626064974909e+00
5.464976138209555190e-01,-8.079810809187975451e+00
5.481285486612990088e-01,-2.786077874470946458e+00
5.493399786733589307e-01,5.827515093399791013e+00
5.501219662350644857e-01,-3.519578813743644119e+00
5.513855946380338269e-01,8.214225822949239308e-02
5.518513780922407186e-01,5.073070787562631523e+00
5.521137050635037680e-01,-1.447478689447676103e+00
5.524758570443619732e-01,-4.479024056251224017e-01
5.538339899153181811e-01,-1.929012801058118498e+01
5.562818637686488543e-01,8.361847548748237102e+00
5.567591137903865617e-01,-6.781775446157839449e-01
5.579698676002122770e-01,-6.245246818591922988e+00
5.593153873211030858e-01,9.136713031348719927e-02
5.594038518778823299e-01,6.587688041813926088e-01
5.597201260119770705e-01,2.035463146237940446e+00
5.615076563053225112e-01,-1.592500528717070374e+01
5.617331880510431086e-01,-5.002282692061125191e-01
5.628376383301016972e-01,1.123556880117421386e+00
5.634026448562143852e-01,6.652103674611987927e+00
5.645991883231239461e-01,8.958929923978409260e-02
5.659942441746488306e-01,3.665044644457114753e+00
5.677442321249173141e-01,7.154267205104409832e-01
5.709293027413490096e-01,1.558995669212593960e+01
5.710490467152787852e-01,6.534690869548477998e+00
5.718154110890488750e-01,-1.177743118393542066e+00
5.723874646506725838e-01,-1.262912570009563318e+01
5.742779773535834353e-01,1.276488318934346555e+00
5.754091727701884373e-01,-2.396888749335184698e+00
5.769936840069156414e-01,-1.189139292575711160e+00
5.784759207702402373e-01,-4.367846610821350062e+00
5.805604673901274548e-01,-1.292271558260261521e+00
5.845944783068078854e-01,-8.643027285171681839e+00
5.853521166474721094e-01,-2.624255887217417982e+00
5.868507942326554039e-01,2.438241633601731184e+00
5.881358911851100046e-01,1.557307368291657212e+01
5.882735686891247262e-01,-4.144152213755532443e+00
5.885624997565138683e-01,9.222471885486307031e+00
5.889221280689890259e-01,-4.455289214370542261e+00
5.893348449096483810e-01,-1.590960323314443370e+00
5.893834970906254300e-01,7.408564389462841682e+00
5.894478470162002326e-01,-1.006823670290951078e+01
5.907862037414206569e-01,-1.469213591891059600e+00
5.922106446086010667e-01,1.022838066005278002e+01
5.931385811222764648e-01,-1.222552165460770901e+01
5.936211337184438275e-01,4.891558402421787577e-02
5.938065182169847134e-01,1.246724961057665615e+00
5.961566086864943381e-01,1.532432230065738743e+01
5.963818006730021715e-01,-1.137186177917735019e+00
5.965059919108852693e-01,-1.584097238407569996e+01
5.972264179689795727e-01,-5.193104884591330794e+00
5.978559903933045039e-01,1.936057575932512043e+00
5.989290693032031099e-01,-7.514094155743322734e-01
5.998491084231966086e-01,-1.335403107482157514e+00
6.009026640158559029e-01,2.830822221192309751e+00
6.014793488112005759e-01,-1.306418529360511194e+01
6.027499248757886008e-01,1.114457999168186664e+00
6.029602296353946400e-01,4.542523311252027796e+00
6.036655854536310262e-01,-1.385165193134783590e-01
6.038152702975141395e-01,5.091769341153880468e+00
6.056513677799562068e-01,3.059069270275518448e+00
6.057181662045511006e-01,1.790592891414953813e+00
6.068810429197307732e-01,3.167167962436363116e+00
6.083702762148777143e-01,-1.583270631035205378e+00
6.085537153148815603e-01,-1.060969315808480973e-01
6.093526983785704232e-01,-4.883808724122864042e+00
6.109500520908857091e-01,-1.515803964684590444e+00
6.125316840517653905e-01,2.055790584280604349e+00
6.127011087325383576e-01,-2.604448898202532892e+00
6.151137790629155333e-01,2.062978761914063153e+00
6.186814250735915843e-01,4.871724612383865338e-01
6.204157410629415059e-01,8.064875874359924701e-01
6.212284840537063424e-01,3.102531998976459704e+00
6.233470470095699989e-01,1.277790878382992545e+01
6.248045130443689033e-01,1.738233331008204985e+00
6.256725841696578749e-01,-4.891120032223252423e+00
6.297514405508993773e-01,-5.144796992995709362e-01
6.300452849293255442e-01,7.583712150559514420e+00
6.304110332639730752e-01,3.782858369430929457e+00
6.329578325928746363e-01,-1.611834320733232673e+01
6.338820594933619601e-01,4.640329774325691603e-01
6.339019844899153044e-01,1.610407378267433387e+01
6.343376060651678694e-01,2.487820408184420184e+00
6.349768137096756249e-01,1.123628470238805122e+01
6.362403473546750510e-01,-1.903107468515669920e+00
6.381031407210383533e-01,2.428374274181739345e-01
6.387770219456130327e-01,-1.180748161756173698e+00
6.393435749689926340e-01,-8.662991533217320850e+00
6.398888507948196080e-01,6.373512678488464367e+00
6.401153531565924037e-01,7.277456450453680503e+00
6.419438379147816010e-01,-1.005972937536599154e+01
6.426378225856508308e-01,1.884353380991205196e+00
6.429847045993627441e-01,1.872428163730158701e+01
6.471464400757853674e-01,5.182723219364335776e+00
6.492962588278704539e-01,2.806136630506708585e+00
6.534221346981368139e-01,2.810835810841009863e+00
6.554177812884247611e-01,4.989191404287364406e+00
6.558414884542907997e-01,1.783520908996398369e+00
6.575327266846615615e-01,-3.049956921405481580e+00
6.606158297045809924e-01,4.429636050380916235e-01
6.607337861650091071e-01,8.221959697925763422e+00
6.612360058700303966e-01,8.338506412853028849e+00
6.615998575807183757e-01,-6.780965567158477647e+00
6.628022321792527149e-01,-1.280391362891128981e+00
6.648813390344288088e-01,-1.821000527663074919e+01
6.682422517936124073e-01,3.327487642597839024e+00
6.687528214952013217e-01,5.183816772481394608e+00
6.692090167151216740e-01,2.324772595788322960e+00
6.700361831422634307e-01,5.141453575324561598e-01
6.720778303150015676e-01,1.762635015963929908e+00
6.724649361572359041e-01,2.147787984827599583e+00
6.743037185352105389e-01,2.320365196017696974e+00
6.753931511296243917e-01,1.262735294744014691e+00
6.760998341805062317e-01,-1.197938072271201371e+01
6.806344594375929313e-01,6.620686594121618640e+00
6.812790423590919797e-01,2.310672671403844358e+00
6.813047068403282891e-01,-1.552511735703997786e+01
6.814756385154239204e-01,2.377096471548590717e+00
6.817531939769804206e-01,-3.760322175780952847e+00
6.825099703677600660e-01,5.872973174763385984e+00
6.828371375125054099e-01,2.432779846372743027e+00
6.828896843584887355e-01,3.944508783329169432e+00
6.829453401044435212e-01,-1.086976006791418925e+00
6.834552472465861284e-01,1.406146725789655250e+01
6.835252223017375117e-01,3.059280550438277402e+00
6.840188921051280069e-01,-2.192272669838200905e+00
6.841983199793755244e-01,-7.195089349837894055e+00
6.842827489271883223e-01,-1.359626296480706653e+00
6.845427720364288815e-01,-1.477518015103496118e-01
6.847089366887416650e-01,1.375303619904062913e+01
6.856685394767330077e-01,-4.172865157297203531e+00
6.876883195591123599e-01,3.291870240429527694e+00
6.899941259920631120e-01,4.489964285964635593e+00
6.904049641971974349e-01,6.023638537337754784e+00
6.920622249505774537e-01,4.188519301215119839e+00
6.927928661323833337e-01,2.040614735565464244e+01
6.931889424516548548e-01,5.915937393301103242e+00
6.943623517185137928e-01,-1.365460509374630504e+01
6.967292471275028376e-01,4.288562838150938639e+00
6.975467911815199651e-01,-1.066844384795977874e+00
6.987380380655497936e-01,3.909115656812314210e+00
6.996148318841144409e-01,-1.243631969583544183e+01
6.997123038337087486e-01,4.303446566096094550e+00
7.010861200742015686e-01,5.739547349139309418e+00
7.016126861725942021e-01,-4.209720107799618916e+00
7.018097954021701446e-01,1.519740394744521161e+00
7.020943826060555004e-01,-7.760552889728883130e+00
7.025050413796340987e-01,3.467751315883852214e+00
7.025298700126163531e-01,1.441637033132241896e+01
7.044768609057132647e-01,-2.143013338452000927e+00
7.066421016228892071e-01,-5.953796099376235773e+00
7.068849034152533406e-01,4.268836948455851044e+00
7.085065788653642782e-01,1.045016391959179991e+01
7.088248741878763193e-01,1.998419811345931407e+01
7.090110688869513123e-01,5.753064530097231177e+00
7.102046087771242133e-01,3.160083945109140480e+00
7.107104208101843179e-01,-1.293969512867766625e+01
7.107512360452419298e-01,4.021150824792987244e+00
7.112291124060747816e-01,1.397649470156848039e+00
7.143156857369230561e-01,5.308291722214685038e+00
7.159014427506454892e-01,-1.627231254826227769e+01
7.169381348093879502e-01,8.428259677807979244e+00
7.174032673630138524e-01,5.303237726160761056e+00
7.182966009262345963e-01,-1.628257799537132300e+01
7.186051729458220461e-01,-1.384153434755398315e+00
7.186341802216185126e-01,1.064023377508193491e+01
7.204990317842583369e-01,4.480216849106572141e+00
7.207441243236700767e-01,1.587385528022524284e+01
7.225380304748602045e-01,-5.725577983847652597e+00
7.233165674242999499e-01,4.298984762235000368e+00
7.237226892049918314e-01,2.529738465653688095e+00
7.251787858179549184e-01,1.119842941117645196e+01
7.256555993876978583e-01,2.390723775841706811e+00
7.271312522520565480e-01,4.367930635356771063e+00
7.274706826464009124e-01,2.097233016330483313e+00
7.275593065969833129e-01,-2.939704296111882442e+00
7.275735973182139160e-01,1.910084475661403935e+00
7.300034953065572818e-01,2.144980089986956528e+01
7.300724972573994220e-01,-8.353310592769854992e+00
7.310178614448077372e-01,6.390542944350010579e+00
7.316742908456694838e-01,7.025015076277830062e+00
7.324470808506210462e-01,2.993077688280036508e+00
7.328726223985406740e-01,7.274446851952951043e+00
7.329401294843850279e-01,6.651620283698340685e+00
7.352429961883126808e-01,1.660852798191036150e+00
7.363573487379551086e-01,6.700936091505430348e+00
7.403362890072162639e-01,-4.489200090697520018e+00
7.404509315136800218e-01,3.298392041012054854e+00
7.437019342120542165e-01,7.272116293130233444e+00
7.463780783861263535e-01,4.074731697995114033e+00
7.485689133068872403e-01,5.491190458359143101e+00
7.486911879893106692e-01,4.656444222699493096e+00
7.494335636150080138e-01,-4.293183210729246468e+00
7.515311905578867524e-01,1.114115058631285038e+01
7.517204265210722935e-01,4.940472533464277838e+00
7.519039174285915283e-01,-6.565601800168356483e+00
7.523760224501294669e-01,-1.161903626420367530e+01
7.524204524430145868e-01,-1.296910880276088562e+01
7.529399617771743713e-01,8.568433723699344640e+00
7.555440165625941784e-01,5.990981521125910092e+00
7.563182281035983889e-01,1.795895560111357270e+01
7.563415732836966665e-01,3.514990253524096886e+00
7.578138604115866039e-01,4.850841412258921181e+00
7.578843953709910597e-01,1.916879124181949390e+00
7.582531262663120275e-01,2.293748743444305127e+00
7.589848402048092746e-01,7.549685109316351728e+00
7.592389563041984646e-01,6.231502919679310359e+00
7.597403896258898559e-01,-2.435209943618401596e+00
7.603882650462150394e-01,1.455561084236784986e+00
7.618465789597134163e-01,7.202299446749709233e+00
7.622995166588031335e-01,5.821049913494724670e+00
7.636640598513459999e-01,2.385791885128263345e+01
7.650299898701731216e-01,3.374076927318523378e+00
7.651391861915399772e-01,9.299010984189097329e+00
7.656514759018471228e-01,7.618575877862413748e+00
7.657358815193352486e-01,-1.279268432339859274e+01
7.671350541314693183e-01,1.837625405123401734e+01
7.675375851243894099e-01,1.246653106478599327e+01
7.676307020723485142e-01,8.073221545344708261e+00
7.688086245577714362e-01,2.642476492736294258e+00
7.713811790840269245e-01,6.803191534587121225e+00
7.716954239731326215e-01,3.318282409178260117e+00
7.722606928871420529e-01,5.958924336821363354e+00
7.725437549670313153e-01,6.878463012789856279e+00
7.733637585318935415e-01,8.361785006708743140e+00
7.738147250581489667e-01,3.346772704668057763e+00
7.740385772347853077e-01,1.076468470752099904e+01
7.753168394821056131e-01,2.366790638290314774e+01
7.754988994427098881e-01,2.422297985925318642e+01
7.755348629617990763e-01,7.132592814059632857e+00
7.779221670453957405e-01,-1.062671238942474616e+01
7.779734812330671989e-01,1.099840982185735783e-01
7.787598682939913530e-01,2.375306288937142085e+01
7.800751370436402876e-01,6.921370834490661927e+00
7.825514177923139636e-01,5.852261543497210283e+00
7.826698681210781938e-01,1.583695633028822236e+01
7.829209900550855306e-01,4.588882393656354530e+00
7.832159191437677581e-01,1.439008528906076023e+01
7.846404811477688535e-01,2.615263109830453558e+01
7.848339825923069668e-01,7.551636219825713425e+00
7.860991751541717143e-01,8.054246366227593157e+00
7.896689383000440321e-01,-1.329077049570120295e+00
7.913553765746376145e-01,3.166261057502286924e+00
7.915146872350539153e-01,8.374650811515843785e+00
7.921809749667043654e-01,4.452323850453172582e-01
7.938492293498831121e-01,1.123522337345729660e+01
7.939170553994145951e-01,8.746746413465778858e+00
7.965712185367309628e-01,1.325588548341070094e+00
7.987322222648225445e-01,9.320453388554291507e+00
7.995904140148071271e-01,1.247397763390232583e+01
7.997599850665287891e-01,7.416033259724303051e+00
8.003851214111271650e-01,1.022090665839975898e+01
8.017278797356394149e-01,9.661235131798918019e+00
8.062404094753314876e-01,3.701448340412107463e+00
8.064215815889897998e-01,9.568365016686653846e+00
8.070923328847536826e-01,8.081945425247296200e+00
8.073134637207729503e-01,6.807580416000352130e+00
8.093745184001062132e-01,1.233785452314424447e+01
8.111748450798308419e-01,7.196980067124188807e+00
8.117187904413020183e-01,2.126092418828390151e+01
8.120081669430095905e-01,1.118063905086034282e+01
8.125635394374338683e-01,7.944117682751666187e+00
8.126913047601874718e-01,4.756641513845650593e+00
8.151109503092106578e-01,-4.189174624514178547e+00
8.163647642378935032e-01,9.615501185061868128e+00
8.169981333935082413e-01,4.966292366546163350e+00
8.175214604220577552e-01,6.582187750359604905e-01
8.175793784005150888e-01,9.250024966386789060e+00
8.200951954367720065e-01,1.332016266499720381e+01
8.241417482788856441e-01,1.543438025753276222e+01
8.243845790318096167e-01,1.214172465969657821e+01
8.248611499336164776e-01,8.571917532207542934e+00
8.253913893963160664e-01,2.698216148375271217e+01
8.271233691179804559e-01,-1.358232682641029143e+00
8.298831392229358839e-01,2.157845204068050293e+01
8.300527561607612403e-01,1.559811833347687582e+00
8.322036445836131779e-01,4.232475905883075207e+00
8.327495867926024697e-01,2.809688549188716777e+01
8.337740474167149030e-01,1.313698844680650524e+01
8.362091223263076190e-01,2.269991100734786471e+01
8.372586108602637633e-01,4.411386085401232116e+00
8.375605760708809688e-01,1.049669162916834964e+01
8.382169545643245456e-01,1.298718229573399618e+01
8.397215705584666345e-01,1.793748806098497184e+01
8.421489792479217584e-01,8.710746459180805701e+00
8.427680741249026219e-01,7.853362467068709662e-01
8.430636286811332702e-01,1.175726069526686501e+01
8.455866481941172186e-01,2.435738479347210372e+01
8.459109361177037378e-01,1.060008549601641903e+01
8.468506783561031703e-01,3.103700064812660386e+01
8.475647817142498708e-01,1.106598764648057553e+01
8.485834194622600135e-01,2.107735341196782386e+01
8.491388468002647461e-01,5.866287874835617089e+00
8.496661290006768397e-01,9.068238184280431824e+00
8.499307847160110230e-01,4.844705676557508056e+00
8.502009600409244916e-01,1.757432739577007652e+01
8.520870307558681134e-01,5.832776669755401322e+00
8.527226995084669081e-01,1.530805463143955691e+01
8.530630611692057164e-01,1.556355956771455418e+01
8.540308230312071425e-01,1.066424470480532527e+01
8.543329530664524052e-01,1.362322614981852098e+01
8.587777920767089013e-01,-5.387734286961062935e+00
8.606050088512241514e-01,1.716576130519680987e+01
8.628189569223873034e-01,1.169954238048943651e+01
8.628321861348484667e-01,-6.062185435680959245e+00
8.633702534218375968e-01,1.384077917013950731e+01
8.636631226903512815e-01,4.500774691642499548e+00
8.646881465113264165e-01,6.784278263698339195e+00
8.656338212014015321e-01,2.037861255818816630e+01
8.673595560926494752e-01,9.981650391168258807e+00
8.678955286533912572e-01,1.060937955235058183e+01
8.707517657959632507e-01,1.816513227900087202e+01
8.714359920286356420e-01,1.418397963565161568e+01
8.733735798474582257e-01,1.545667043770363236e+01
8.756543628699492432e-01,1.566664702135313370e+01
8.761578165919977623e-01,1.245808658160489202e+01
8.809335351227968181e-01,1.771146071284265133e+01
8.811237419308594054e-01,-1.112834539275691981e+00
8.815730663788572397e-01,1.700925578615076006e+01
8.827077480556186906e-01,1.589800796094777802e+01
8.845117511596457538e-01,1.951408447737469487e+01
8.859628465018357657e-01,1.316504473201674230e+01
8.860156601495082773e-01,-9.423979481179713957e-01
8.873228011792743120e-01,1.144388245506022450e+01
8.874574709848469523e-01,1.794263351536854501e+01
8.894618160279894603e-01,2.410996511830325773e+01
8.899189662938197243e-01,3.179947816571675645e+01
8.902608260626145853e-01,4.318988891408450215e+00
8.914384630282334854e-01,1.441449983236501531e+01
8.914684900577991566e-01,1.372857819685954794e+01
8.916716405329706552e-01,-4.380275823460054951e+00
8.928131185651948520e-01,1.477878627454327898e+01
8.929361084697501338e-01,2.776549749187756433e+01
8.958772125142303588e-01,2.006242099134839663e+01
8.962598752128914104e-01,1.676701870609849010e+01
8.965043107052240723e-01,1.725848555333640633e+01
8.970205158242833265e-01,1.398321366369756191e+01
8.971529000867226600e-01,1.646602911295347837e+01
8.983606733975226799e-01,1.704044203374768429e+01
8.999118551022645685e-01,1.857098148772082169e+01
9.028606207059318711e-01,1.853820340816757906e+01
9.030066666599649849e-01,9.605588091136263884e+00
9.037496168138953179e-01,1.001095177078977017e+01
9.042640955003182768e-01,1.479078549880894400e+01
9.044298637634233806e-01,1.721769280403217905e+01
9.045119925870963584e-01,1.864181044278851118e+01
9.051414473174935749e-01,1.875138869458304569e+01
9.058489119482727725e-01,1.102725621512956522e+01
9.073729895174462712e-01,1.444096898562809983e+01
9.087235249200080744e-01,1.386919697658569817e+01
9.087959300942795027e-01,1.967145850196516577e+01
9.094480924507570840e-01,6.963664395050402689e+00
9.116576550751896990e-01,1.097587406719751257e+01
9.123934758466901718e-01,1.721399226744371802e+01
9.152900011256552837e-01,2.123383781313237861e+01
9.165063950817128324e-01,3.497994386235495057e+01
9.166416249039556208e-01,1.706382471865097727e-02
9.177709129228477369e-01,1.577913267459448221e+01
9.181233327705468072e-01,2.377091638878097513e+01
9.181357282187426749e-01,1.741778423617434512e+01
9.193223424461609561e-01,1.709507860476514551e+01
9.201455921125206716e-01,1.071656175230971364e+01
9.202834963082876518e-01,1.203002400622727386e+01
9.220507596376751325e-01,1.662116124189183353e+01
9.229571387330756105e-01,1.160589375724888228e+01
9.230356874074464590e-01,1.726251075123801115e+01
9.286189470304887505e-01,1.880941018393466635e+01
9.288632126710285597e-01,1.074169048359908807e+01
9.289258806198515961e-01,1.628387607637276702e+01
9.291038413353930325e-01,1.895440006320083626e+01
9.296764106431263386e-01,2.411569859351833855e+01
9.313545179836140164e-01,2.140836656778879643e+01
9.317283773100482058e-01,2.577185542901758808e+01
9.318242351269300228e-01,1.869858388955658768e+01
9.326542174267867802e-01,1.062924073364322552e+01
9.352729525682920153e-01,1.847518006783497313e+01
9.362611989018562175e-01,3.572129569573481689e+01
9.366248313924933067e-01,1.115884533103112553e+01
9.378538025914975318e-01,2.120070169549182282e+01
9.389720708261051207e-01,2.347773553542133484e+01
9.396687467122502024e-01,1.747974401045771486e+01
9.400435625928297290e-01,2.372587976413720412e+01
9.413329055104944221e-01,1.963960991151399327e+01
9.423815199902284556e-01,2.561611279477535064e+01
9.438372493791478135e-01,2.004419912329682418e+01
9.448821873223492984e-01,3.641028483796741000e+01
9.449645332431372280e-01,1.345710795554988337e+01
9.467144969308604052e-01,2.888771795380009166e+01
9.475895965183362968e-01,1.617371706635035977e+01
9.490511591535992775e-01,1.637502203835813219e+01
9.494659921754033949e-01,2.065231680746950715e+01
9.496557650147217089e-01,1.971201177028828866e+01
9.497400640203963462e-01,2.000284863887555531e+01
9.506398795246684408e-01,2.186680283596313501e+01
9.512754723476425367e-01,2.218983435768185686e+01
9.533174271963102964e-01,2.292037611538072994e+01
9.535071071794677389e-01,2.714352580093672529e+01
9.536897136236404116e-01,2.301450856118234611e+01
9.583885066086101912e-01,1.273929412376227255e+01
9.587536214330327766e-01,1.882039243218923730e+01
9.588826075279630601e-01,2.224493916278883887e+01
9.599426578067881133e-01,2.362892418097969482e+01
9.602923435591027568e-01,2.154100301352762870e+01
9.605497029240076534e-01,2.924670699988965339e+00
9.607234864438821687e-01,2.156163150365367542e+01
9.609759807841933288e-01,2.493568688978164971e+01
9.610638130167382664e-01,3.340929137624198830e+01
9.616215795595072224e-01,2.857366411989321620e+01
9.644394000649003651e-01,2.507461316756344161e+01
9.654595783777544238e-01,1.413678984148867279e+01
9.667163964310527824e-01,2.225254232128756371e+01
9.701545239087340233e-01,3.008922573925516986e+01
9.705910447908665528e-01,2.237016718909155699e+01
9.709883182547546232e-01,2.928625024487202921e+01
9.711146719153200824e-01,3.211798206272919032e+01
9.711285495785096922e-01,7.301612160658081052e+00
9.735668404295924061e-01,5.450959471874931239e+00
9.740157404355033188e-01,2.118895197376201267e+01
9.748482796943803708e-01,2.497503370259765276e+01
9.750411880506744122e-01,2.614178445794685501e+01
9.807841541939175123e-01,2.800825417821293684e+01
9.873613743900921946e-01,1.796633267131992540e+01
9.888996458751856400e-01,2.457170199351126527e+01
9.890910279825025908e-01,2.882519377327795951e+01
9.892529015913925639e-01,3.941025407844020378e+01
9.898908505132713032e-01,2.775114105136192677e+01
9.922572134118531340e-01,2.754623806925410889e+01
9.938848050850194182e-01,3.250720982313503526e+01
9.948501562516192109e-01,2.878756043245356366e+01
9.955494886952912514e-01,2.565135169540981863e+01
9.955933755063181012e-01,2.895627015264221882e+01
9.966771614519667200e-01,2.455625196341408412e+01
9.967123240354724967e-01,2.737975313682520451e+01
9.974947826928868277e-01,2.393886846236731714e+01
9.975614463124569120e-01,2.711849453543068122e+01
9.981646280845548613e-01,3.109801985501925259e+01
9.985992646539367801e-01,2.363497840040841425e+01
9.988141089635242942e-01,1.332418234762096176e+01
9.990469235805449211e-01,1.589716930596616784e+01
9.996875806252567553e-01,2.627391466560198552e+01
